step,return
4,990.3927671338215
20000,561.9561794667783
40000,532.7145324988526
60000,614.7200441363159
80000,644.4437163240407
100000,765.8321014181499
120000,643.5476768965243
140000,282.4739180453894
160000,711.5849090053847
180000,464.9687176578634
200000,707.6506199362789
220000,438.3825316705382
240000,576.4022840075922
260000,288.2504156383697
280000,288.063454401836
300000,726.0644897346206
