step,return
4,991.0133704507351
20000,6.134136148448342
40000,544.4555688249009
60000,542.1832663140515
80000,554.044799735718
100000,434.14915924265347
120000,44.89430514644519
140000,-81.13669130723002
160000,43.264993918653815
180000,-254.22475426450757
200000,-43.07443364907654
220000,81.34241483084323
240000,283.5636697541639
260000,-187.40287608023297
280000,186.67091655337674
300000,-193.17657738655146
