step,return
4,986.5229696580836
20000,384.2565459747469
40000,560.3692365000879
60000,563.5502897811332
80000,688.2552997716605
100000,702.4228691044927
120000,726.5150641035568
140000,656.0055362516264
160000,500.2452299996064
180000,455.70429604466193
200000,639.4771789862384
220000,211.0922293413856
240000,113.91868607673854
260000,278.89760051525343
280000,369.70871081860355
300000,299.4112702708453
