step,return
4,990.3927671338215
20000,739.0669818321269
40000,652.3557133879196
60000,110.18846377603997
80000,-111.84869193711503
100000,-370.0421204558854
120000,-324.47238078844526
140000,-221.28963658121393
160000,-252.18651911222753
180000,370.0157822793553
200000,13.040465126877006
220000,55.2867313816375
240000,-259.2592462899278
260000,105.15777613779512
280000,18.19083511911776
300000,239.28381503850426
