step,return
4,991.0133704507351
20000,478.9450614392058
40000,348.3022231347273
60000,171.12136576368283
80000,537.8650968831322
100000,84.57890188133337
120000,563.8739562770818
140000,416.65265754535596
160000,137.47563713988333
180000,434.7357300706188
200000,192.1939573904053
220000,228.40023974432836
240000,540.1610679820938
260000,337.6194491609649
280000,620.0492109019963
300000,418.0867191542203
