step,return
4,986.5229696580836
20000,203.8592527765978
40000,682.1583595020336
60000,424.9552433379979
80000,-495.42176311436947
100000,81.35429054400558
120000,-366.40313687083244
140000,72.01750046693178
160000,-4.498849743500571
180000,167.03261953018716
200000,12.60951744131797
220000,-285.98876050565417
240000,-44.41554895466086
260000,214.75343368438865
280000,88.52294165038421
300000,332.2712524475179
