step,return
4,986.5229696580836
20000,654.9873010998484
40000,765.8014121491894
60000,-129.21889377022285
80000,-140.18284512564446
100000,-381.2188059409822
120000,86.33587555324496
140000,531.8062985976774
160000,757.6903403715783
180000,532.2392128265788
200000,1047.2218982709003
220000,816.2326285244475
240000,668.8655619125764
260000,1111.1464156534512
280000,1033.419688858257
300000,1330.5228095704038
