step,return
4,990.3927671338215
20000,426.4794797477815
40000,542.1120261568611
60000,328.7954987471039
80000,595.0893984236614
100000,-133.93936302346174
120000,507.4166856299719
140000,668.0821109822458
160000,652.8573691483211
180000,-61.07093903510544
200000,789.6650762614472
220000,666.0875467071427
240000,536.2512144003379
260000,897.1365754313307
280000,954.7260558117918
300000,661.9599827138138
