step,return
4,991.0133704507351
20000,494.00196660082213
40000,697.1954837231186
60000,588.6721692614515
80000,691.5665135584975
100000,776.9253771518241
120000,871.2638467215867
140000,999.4888118466077
160000,702.9998546580146
180000,911.215739537279
200000,792.6900037505915
220000,828.9688761420052
240000,704.8265500420633
260000,789.0166824232424
280000,1167.8252430940024
300000,620.43220230979
